{"cameraMode":{"drawMode":0,"name":"Shaded","section":"Shading Mode"},"sceneLighting":false,"audioPlay":false,"sceneViewState":{"showFog":false,"showMaterialUpdate":false,"showSkybox":false,"showFlares":false,"showImageEffects":false,"showParticleSystems":true},"in2DMode":false,"pivot":{"x":1.594533920288086,"y":0.6766976118087769,"z":1.0858650207519532},"rotation":{"x":-0.027302568778395654,"y":0.018588915467262269,"z":-0.0005078670219518244,"w":-0.9994542598724365},"size":15.358549118041993,"orthographic":false}