{"cameraMode":{"drawMode":0,"name":"Shaded","section":"Shading Mode"},"sceneLighting":false,"audioPlay":false,"sceneViewState":{"showFog":false,"showMaterialUpdate":false,"showSkybox":false,"showFlares":false,"showImageEffects":false,"showParticleSystems":true},"in2DMode":false,"pivot":{"x":453.4797668457031,"y":197.7056884765625,"z":-232.809814453125},"rotation":{"x":-0.0512886643409729,"y":0.9484442472457886,"z":-0.2324114739894867,"w":-0.2093031406402588},"size":1364.399658203125,"orthographic":false}