{"cameraMode":{"drawMode":0,"name":"Shaded","section":"Shading Mode"},"sceneLighting":false,"audioPlay":false,"sceneViewState":{"showFog":false,"showMaterialUpdate":false,"showSkybox":false,"showFlares":false,"showImageEffects":false,"showParticleSystems":true},"in2DMode":false,"pivot":{"x":-1.2740000486373902,"y":0.5339999198913574,"z":-0.047711923718452457},"rotation":{"x":-0.06326773017644882,"y":0.0035897803027182819,"z":-0.00022762255684938282,"w":-0.9979901313781738},"size":25.127582550048829,"orthographic":false}