{"cameraMode":{"drawMode":0,"name":"Shaded","section":"Shading Mode"},"sceneLighting":true,"audioPlay":false,"sceneViewState":{"showFog":false,"showMaterialUpdate":false,"showSkybox":false,"showFlares":false,"showImageEffects":false,"showParticleSystems":true},"in2DMode":false,"pivot":{"x":36.23750305175781,"y":235.3900146484375,"z":0.0},"rotation":{"x":-0.08243852853775025,"y":-0.08153112232685089,"z":0.006767054088413715,"w":-0.9932325482368469},"size":130.08999633789063,"orthographic":false}