{"cameraMode":{"drawMode":0,"name":"Shaded","section":"Shading Mode"},"sceneLighting":false,"audioPlay":false,"sceneViewState":{"showFog":false,"showMaterialUpdate":false,"showSkybox":false,"showFlares":false,"showImageEffects":false,"showParticleSystems":true},"in2DMode":false,"pivot":{"x":4.2783589363098148,"y":1.8918635845184327,"z":0.7414894104003906},"rotation":{"x":-0.051244743168354037,"y":0.041031334549188617,"z":-0.002107240492478013,"w":-0.9978407025337219},"size":14.236381530761719,"orthographic":false}